name,link,class
1980 PBA All-Filipino Conference,http://pbarecordsoddities.blogspot.com/2013/01/1980-pba-all-filipino-conference.html,boxscore
1980 PBA Open Conference,http://pbarecordsoddities.blogspot.com/2013/01/1980-pba-open-conference.html,boxscore
1980 PBA Scoring Records,http://pbarecordsoddities.blogspot.com/2013/01/1980-pba-season-records.html,boxscore
1981 PBA Open Conference,http://pbarecordsoddities.blogspot.com/2013/02/1981-pba-open-conference.html,boxscore
1981 PBA Reinforced Filipino Conference,http://pbarecordsoddities.blogspot.com/2013/02/1981-pba-reinforced-filipino-conference.html,boxscore
1981 PBA Scoring Records,http://pbarecordsoddities.blogspot.com/2013/02/local-players-single-game-highest-total.html,boxscore
1982 PBA Invitational Conference,http://pbarecordsoddities.blogspot.com/2013/03/1982-pba-invitational-conference.html,boxscore
1982 PBA Open Conference,http://pbarecordsoddities.blogspot.com/2013/03/1982-pba-open-conference.html,boxscore
1982 PBA Reinforced Filipino Conference,http://pbarecordsoddities.blogspot.com/2013/03/1982-pba-reinforced-filipino-conference.html,boxscore
1982 PBA Scoring Records,http://pbarecordsoddities.blogspot.com/2013/03/1982-pba-season-records.html,boxscore
1983 PBA All-Filipino Conference,http://pbarecordsoddities.blogspot.com/2013/04/1983-pba-all-filipino-conference.html,boxscore
1983 PBA Open Conference,http://pbarecordsoddities.blogspot.com/2013/04/1983-pba-open-conference.html,boxscore
1983 PBA Reinforced Conference,http://pbarecordsoddities.blogspot.com/2013/04/1983-pba-reinforced-conference.html,boxscore
1983 PBA Scoring Records,http://pbarecordsoddities.blogspot.com/2013/04/1983-pba-season-records.html,boxscore
1984 PBA 1st All-Filipino Conference,http://pbarecordsoddities.blogspot.com/2013/05/1984-pba-first-all-filipino-conference.html,boxscore
1984 PBA 2nd All-Filipino Conference,http://pbarecordsoddities.blogspot.com/2013/05/1984-pba-second-all-filipino-conference.html,boxscore
1984 PBA Invitational Conference,http://pbarecordsoddities.blogspot.com/2013/05/1984-pba-invitational-conference.html,boxscore
1984 PBA Scoring Records,http://pbarecordsoddities.blogspot.com/2013/05/1984-pba-season-records.html,boxscore
1985 PBA All-Filipino Conference,http://pbarecordsoddities.blogspot.com/2013/06/1985-pba-all-filipino-conference.html,boxscore
1985 PBA Open Conference,http://pbarecordsoddities.blogspot.com/2013/06/1985-pba-open-conference.html,boxscore
1985 PBA Reinforced Conference,http://pbarecordsoddities.blogspot.com/2013/06/1985-pba-reinforced-conference.html,boxscore
1985 PBA Scoring Records,http://pbarecordsoddities.blogspot.com/2013/06/1985-pba-season-records.html,boxscore
1986 PBA All-Filipino Conference,http://pbarecordsoddities.blogspot.com/2013/07/1986-pba-all-filipino-conference.html,boxscore
1986 PBA Open Conference,http://pbarecordsoddities.blogspot.com/2013/07/1986-pba-open-conference.html,boxscore
1986 PBA Reinforced Conference,http://pbarecordsoddities.blogspot.com/2013/07/1986-pba-reinforced-conference.html,boxscore
1986 PBA Scoring Records,http://pbarecordsoddities.blogspot.com/2013/07/1986-pba-season-records.html,boxscore
1987 PBA All-Filipino Conference,http://pbarecordsoddities.blogspot.com/2013/08/1987-pba-all-filipino-conference.html,boxscore
1987 PBA Open Conference,http://pbarecordsoddities.blogspot.com/2013/08/1987-pba-open-conference.html,boxscore
1987 PBA Reinforced Conference,http://pbarecordsoddities.blogspot.com/2013/08/1987-pba-reinforced-conference.html,boxscore
1987 PBA Scoring Records,http://pbarecordsoddities.blogspot.com/2013/08/1987-pba-season-records.html,boxscore
1988 PBA All-Filipino Conference,http://pbarecordsoddities.blogspot.com/2013/09/1988-pba-all-filipino-conference.html,boxscore
1988 PBA Open Conference,http://pbarecordsoddities.blogspot.com/2013/09/1988-pba-open-conference.html,boxscore
1988 PBA Reinforced Conference,http://pbarecordsoddities.blogspot.com/2013/09/1988-pba-reinforced-conference.html,boxscore
1988 PBA Scoring Records,http://pbarecordsoddities.blogspot.com/2013/09/1988-pba-season-records.html,boxscore
1989 PBA All-Filipino Conference,http://pbarecordsoddities.blogspot.com/2013/10/1989-pba-all-filipino-conference.html,boxscore
1989 PBA Open Conference,http://pbarecordsoddities.blogspot.com/2013/10/1989-pba-open-conference.html,boxscore
1989 PBA Reinforced Conference,http://pbarecordsoddities.blogspot.com/2013/10/1989-pba-reinforced-conference.html,boxscore
1990 PBA All-Filipino Conference,http://pbarecordsoddities.blogspot.com/2012/01/team-standings-group-w-l-group-b-w-l.html,boxscore
1990 PBA Open Conference,http://pbarecordsoddities.blogspot.com/2012/01/1990-pba-open-conference.html,boxscore
1990 PBA Reinforced Conference,http://pbarecordsoddities.blogspot.com/2012/01/1990-pba-reinforced-conference.html,boxscore
1990 PBA Scoring Records,http://pbarecordsoddities.blogspot.com/2012/01/1990-pba-finals-results.html,boxscore
1991 PBA All-Filipino Conference,http://pbarecordsoddities.blogspot.com/2012/02/1991-pba-all-filipino-conference.html,boxscore
1991 PBA Open Conference,http://pbarecordsoddities.blogspot.com/2012/02/1991-pba-open-conference.html,boxscore
1991 PBA Reinforced Conference,http://pbarecordsoddities.blogspot.com/2012/02/1991-pba-reinforced-conference.html,boxscore
1991 PBA Scoring Records,http://pbarecordsoddities.blogspot.com/2012/02/1991-pba-finals-results.html,boxscore
1992 PBA All-Filipino Conference,http://pbarecordsoddities.blogspot.com/2012/03/1992-pba-all-filipino-conference.html,boxscore
1992 PBA Open Conference,http://pbarecordsoddities.blogspot.com/2012/03/1992-pba-open-conference.html,boxscore
1992 PBA Reinforced Conference,http://pbarecordsoddities.blogspot.com/2012/03/1992-pba-reinforced-conference.html,boxscore
1992 PBA Scoring Records,http://pbarecordsoddities.blogspot.com/2012/03/1992-pba-finals-results.html,boxscore
1993 PBA All-Filipino Cup,http://pbarecordsoddities.blogspot.com/2012/04/1993-pba-all-filipino-conference.html,boxscore
1993 PBA Commissioner's Cup,http://pbarecordsoddities.blogspot.com/2012/04/1993-pba-commissioners-cup.html,boxscore
1993 PBA Governor's Cup,http://pbarecordsoddities.blogspot.com/2012/04/1993-pba-governors-cup.html,boxscore
1993 PBA Scoring Records,http://pbarecordsoddities.blogspot.com/2012/04/1993-pba-finals-results.html,boxscore
1994 PBA All-Filipino Cup,http://pbarecordsoddities.blogspot.com/2012/05/1994-pba-all-filipino-cup.html,boxscore
1994 PBA Commissioner's Cup,http://pbarecordsoddities.blogspot.com/2012/05/1994-pba-commissioners-cup.html,boxscore
1994 PBA Governor's Cup,http://pbarecordsoddities.blogspot.com/2012/05/1994-pba-governors-cup.html,boxscore
1994 PBA Scoring Records,http://pbarecordsoddities.blogspot.com/2012/05/1994-pba-all-filipino-1st-cup-best-of.html,boxscore
1995 PBA All-Filipino Cup,http://pbarecordsoddities.blogspot.com/2012/06/1995-pba-all-filipino-cup.html,boxscore
1995 PBA Commissioner's Cup,http://pbarecordsoddities.blogspot.com/2012/06/1995-pba-commissioners-cup.html,boxscore
1995 PBA Governor's Cup,http://pbarecordsoddities.blogspot.com/2012/06/1995-pba-governors-cup.html,boxscore
1995 PBA Scoring Records,http://pbarecordsoddities.blogspot.com/2012/06/1995-pba-finals-results.html,boxscore
1996 PBA All-Filipino Cup,http://pbarecordsoddities.blogspot.com/2012/07/1996-pba-all-filipino-cup.html,boxscore
1996 PBA Commissioner's Cup,http://pbarecordsoddities.blogspot.com/2012/07/1996-pba-commissioners-cup.html,boxscore
1996 PBA Governor's Cup,http://pbarecordsoddities.blogspot.com/2012/07/1996-pba-governors-cup.html,boxscore
1996 PBA Scoring Records,http://pbarecordsoddities.blogspot.com/2012/07/1996-pba-finals-results.html,boxscore
1997 PBA All-Filipino Cup,http://pbarecordsoddities.blogspot.com/2012/08/1997-pba-all-filipino-cup.html,boxscore
1997 PBA Commissioner's Cup,http://pbarecordsoddities.blogspot.com/2012/08/1997-pba-commissioners-cup.html,boxscore
1997 PBA Governor's Cup,http://pbarecordsoddities.blogspot.com/2012/08/1997-pba-governors-cup.html,boxscore
1997 PBA Scoring Records,http://pbarecordsoddities.blogspot.com/2012/08/1997-pba-season-records.html,boxscore
1998 PBA All-Filipino Cup,http://pbarecordsoddities.blogspot.com/2012/09/1998-pba-all-filipino-cup_2.html,boxscore
1998 PBA Centennial Cup,http://pbarecordsoddities.blogspot.com/2012/09/1998-pba-centennial-governors-cup.html,boxscore
1998 PBA Commissioner's Cup,http://pbarecordsoddities.blogspot.com/2012/09/1998-pba-commissioners-cup_5.html,boxscore
1998 PBA Governor's Cup,http://pbarecordsoddities.blogspot.com/2012/09/1998-pba-governors-cup_13.html,boxscore
1998 PBA Scoring Records,http://pbarecordsoddities.blogspot.com/2012/09/1998-pba-season-records.html,boxscore
1999 PBA All-Filipino Cup,http://pbarecordsoddities.blogspot.com/2012/10/1999-pba-all-filipino-cup.html,boxscore
1999 PBA Commissioner's Cup,http://pbarecordsoddities.blogspot.com/2012/10/1999-pba-commissioners-cup.html,boxscore
1999 PBA Governor's Cup,http://pbarecordsoddities.blogspot.com/2012/10/1999-pba-governors-cup.html,boxscore
